Time,Temperatur,pH,Temperatur_Membership_Params,PH_Membership_Params,Temperatur_Memberships,PH_Memberships,Takaran_Membership_Params,Takaran_Memberships,Alpha_Predikats,a_values
2024-08-10 08:00,-,-,-,-,-,-,-,-,-,-
2024-08-10 18:00,25.13,6.84,"{'rendah': [14.0, 14.0, 23.0, 25.0], 'normal': [23.0, 25.0, 29.0, 31.0], 'tinggi': [29.0, 31.0, 40.0, 40.0]}","{'asam': [4.0, 4.0, 5.0, 6.5], 'netral': [5.0, 6.5, 7.5, 9.0], 'basa': [7.5, 9.0, 14.0, 14.0]}","{'rendah': 0.0, 'normal': 1.0, 'tinggi': 0.0}","{'asam': 0.0, 'netral': 1.0, 'basa': 0.0}","{'sedikit': [17.4, 17.4, 20.3, 21.75], 'sedang': [20.3, 21.75, 24.65, 26.1], 'banyak': [24.65, 27.55, 29.0, 29.0]}","{'sedikit': 0.0, 'sedang': 0.0, 'banyak': 0.9582}",{'Rule 2': 1.0},"[{'alpha_level': 1.0, 'a_values': [27.55, 29.0]}]"
2024-08-11 08:00,22.31,6.66,"{'rendah': [14.0, 14.0, 23.0, 25.0], 'normal': [23.0, 25.0, 29.0, 31.0], 'tinggi': [29.0, 31.0, 40.0, 40.0]}","{'asam': [4.0, 4.0, 5.0, 6.5], 'netral': [5.0, 6.5, 7.5, 9.0], 'basa': [7.5, 9.0, 14.0, 14.0]}","{'rendah': 1.0, 'normal': 0.0, 'tinggi': 0.0}","{'asam': 0.0, 'netral': 1.0, 'basa': 0.0}","{'sedikit': [17.4, 17.4, 20.3, 21.75], 'sedang': [20.3, 21.75, 24.65, 26.1], 'banyak': [24.65, 27.55, 29.0, 29.0]}","{'sedikit': 0.0, 'sedang': 1.0, 'banyak': 0.0}",{'Rule 5': 1.0},"[{'alpha_level': 1.0, 'a_values': [21.75, 24.65]}]"
2024-08-11 18:00,23.0,6.7,"{'rendah': [14.0, 14.0, 23.0, 25.0], 'normal': [23.0, 25.0, 29.0, 31.0], 'tinggi': [29.0, 31.0, 40.0, 40.0]}","{'asam': [4.0, 4.0, 5.0, 6.5], 'netral': [5.0, 6.5, 7.5, 9.0], 'basa': [7.5, 9.0, 14.0, 14.0]}","{'rendah': 1.0, 'normal': 0.0, 'tinggi': 0.0}","{'asam': 0.0, 'netral': 1.0, 'basa': 0.0}","{'sedikit': [17.4, 17.4, 20.3, 21.75], 'sedang': [20.3, 21.75, 24.65, 26.1], 'banyak': [24.65, 27.55, 29.0, 29.0]}","{'sedikit': 0.0, 'sedang': 1.0, 'banyak': 0.0}",{'Rule 5': 1.0},"[{'alpha_level': 1.0, 'a_values': [21.75, 24.65]}]"
2024-08-12 08:00,19.75,6.52,"{'rendah': [14.0, 14.0, 23.0, 25.0], 'normal': [23.0, 25.0, 29.0, 31.0], 'tinggi': [29.0, 31.0, 40.0, 40.0]}","{'asam': [4.0, 4.0, 5.0, 6.5], 'netral': [5.0, 6.5, 7.5, 9.0], 'basa': [7.5, 9.0, 14.0, 14.0]}","{'rendah': 1.0, 'normal': 0.0, 'tinggi': 0.0}","{'asam': 0.0, 'netral': 1.0, 'basa': 0.0}","{'sedikit': [17.4, 17.4, 20.3, 21.75], 'sedang': [20.3, 21.75, 24.65, 26.1], 'banyak': [24.65, 27.55, 29.0, 29.0]}","{'sedikit': 0.0, 'sedang': 1.0, 'banyak': 0.0}",{'Rule 5': 1.0},"[{'alpha_level': 1.0, 'a_values': [21.75, 24.65]}]"
2024-08-12 18:00,23.13,6.73,"{'rendah': [14.0, 14.0, 23.0, 25.0], 'normal': [23.0, 25.0, 29.0, 31.0], 'tinggi': [29.0, 31.0, 40.0, 40.0]}","{'asam': [4.0, 4.0, 5.0, 6.5], 'netral': [5.0, 6.5, 7.5, 9.0], 'basa': [7.5, 9.0, 14.0, 14.0]}","{'rendah': 0.935, 'normal': 0.065, 'tinggi': 0.0}","{'asam': 0.0, 'netral': 1.0, 'basa': 0.0}","{'sedikit': [17.4, 17.4, 20.3, 21.75], 'sedang': [20.3, 21.75, 24.65, 26.1], 'banyak': [24.65, 27.55, 29.0, 29.0]}","{'sedikit': 0.0, 'sedang': 1.0, 'banyak': 0.0}","{'Rule 2': 0.065, 'Rule 5': 0.935}","[{'alpha_level': 0.935, 'a_values': [21.66, 24.74]}, {'alpha_level': 0.065, 'a_values': [20.4, 29.0]}]"
2024-08-13 08:01,20.69,6.57,"{'rendah': [14.0, 14.0, 23.0, 25.0], 'normal': [23.0, 25.0, 29.0, 31.0], 'tinggi': [29.0, 31.0, 40.0, 40.0]}","{'asam': [4.0, 4.0, 5.0, 6.5], 'netral': [5.0, 6.5, 7.5, 9.0], 'basa': [7.5, 9.0, 14.0, 14.0]}","{'rendah': 1.0, 'normal': 0.0, 'tinggi': 0.0}","{'asam': 0.0, 'netral': 1.0, 'basa': 0.0}","{'sedikit': [17.4, 17.4, 20.3, 21.75], 'sedang': [20.3, 21.75, 24.65, 26.1], 'banyak': [24.65, 27.55, 29.0, 29.0]}","{'sedikit': 0.0, 'sedang': 1.0, 'banyak': 0.0}",{'Rule 5': 1.0},"[{'alpha_level': 1.0, 'a_values': [21.75, 24.65]}]"
2024-08-13 18:00,23.88,6.77,"{'rendah': [14.0, 14.0, 23.0, 25.0], 'normal': [23.0, 25.0, 29.0, 31.0], 'tinggi': [29.0, 31.0, 40.0, 40.0]}","{'asam': [4.0, 4.0, 5.0, 6.5], 'netral': [5.0, 6.5, 7.5, 9.0], 'basa': [7.5, 9.0, 14.0, 14.0]}","{'rendah': 0.56, 'normal': 0.44, 'tinggi': 0.0}","{'asam': 0.0, 'netral': 1.0, 'basa': 0.0}","{'sedikit': [17.4, 17.4, 20.3, 21.75], 'sedang': [20.3, 21.75, 24.65, 26.1], 'banyak': [24.65, 27.55, 29.0, 29.0]}","{'sedikit': 0.0, 'sedang': 1.0, 'banyak': 0.0}","{'Rule 2': 0.44, 'Rule 5': 0.56}","[{'alpha_level': 0.56, 'a_values': [21.11, 25.29]}, {'alpha_level': 0.44, 'a_values': [20.94, 25.46, 25.93, 29.0]}]"
2024-08-14 08:01,21.44,6.61,"{'rendah': [14.0, 14.0, 23.0, 25.0], 'normal': [23.0, 25.0, 29.0, 31.0], 'tinggi': [29.0, 31.0, 40.0, 40.0]}","{'asam': [4.0, 4.0, 5.0, 6.5], 'netral': [5.0, 6.5, 7.5, 9.0], 'basa': [7.5, 9.0, 14.0, 14.0]}","{'rendah': 1.0, 'normal': 0.0, 'tinggi': 0.0}","{'asam': 0.0, 'netral': 1.0, 'basa': 0.0}","{'sedikit': [17.4, 17.4, 20.3, 21.75], 'sedang': [20.3, 21.75, 24.65, 26.1], 'banyak': [24.65, 27.55, 29.0, 29.0]}","{'sedikit': 0.0, 'sedang': 1.0, 'banyak': 0.0}",{'Rule 5': 1.0},"[{'alpha_level': 1.0, 'a_values': [21.75, 24.65]}]"
2024-08-14 18:00,24.06,6.77,"{'rendah': [14.0, 14.0, 23.0, 25.0], 'normal': [23.0, 25.0, 29.0, 31.0], 'tinggi': [29.0, 31.0, 40.0, 40.0]}","{'asam': [4.0, 4.0, 5.0, 6.5], 'netral': [5.0, 6.5, 7.5, 9.0], 'basa': [7.5, 9.0, 14.0, 14.0]}","{'rendah': 0.47, 'normal': 0.53, 'tinggi': 0.0}","{'asam': 0.0, 'netral': 1.0, 'basa': 0.0}","{'sedikit': [17.4, 17.4, 20.3, 21.75], 'sedang': [20.3, 21.75, 24.65, 26.1], 'banyak': [24.65, 27.55, 29.0, 29.0]}","{'sedikit': 0.0, 'sedang': 0.8096, 'banyak': 0.0952}","{'Rule 2': 0.53, 'Rule 5': 0.47}","[{'alpha_level': 0.53, 'a_values': [26.19, 29.0]}, {'alpha_level': 0.47, 'a_values': [20.98, 25.42, 26.01, 29.0]}]"
2024-08-15 08:00,21.19,6.57,"{'rendah': [14.0, 14.0, 23.0, 25.0], 'normal': [23.0, 25.0, 29.0, 31.0], 'tinggi': [29.0, 31.0, 40.0, 40.0]}","{'asam': [4.0, 4.0, 5.0, 6.5], 'netral': [5.0, 6.5, 7.5, 9.0], 'basa': [7.5, 9.0, 14.0, 14.0]}","{'rendah': 1.0, 'normal': 0.0, 'tinggi': 0.0}","{'asam': 0.0, 'netral': 1.0, 'basa': 0.0}","{'sedikit': [17.4, 17.4, 20.3, 21.75], 'sedang': [20.3, 21.75, 24.65, 26.1], 'banyak': [24.65, 27.55, 29.0, 29.0]}","{'sedikit': 0.0, 'sedang': 1.0, 'banyak': 0.0}",{'Rule 5': 1.0},"[{'alpha_level': 1.0, 'a_values': [21.75, 24.65]}]"
2024-08-15 18:00,23.19,6.72,"{'rendah': [14.0, 14.0, 23.0, 25.0], 'normal': [23.0, 25.0, 29.0, 31.0], 'tinggi': [29.0, 31.0, 40.0, 40.0]}","{'asam': [4.0, 4.0, 5.0, 6.5], 'netral': [5.0, 6.5, 7.5, 9.0], 'basa': [7.5, 9.0, 14.0, 14.0]}","{'rendah': 0.905, 'normal': 0.095, 'tinggi': 0.0}","{'asam': 0.0, 'netral': 1.0, 'basa': 0.0}","{'sedikit': [17.4, 17.4, 20.3, 21.75], 'sedang': [20.3, 21.75, 24.65, 26.1], 'banyak': [24.65, 27.55, 29.0, 29.0]}","{'sedikit': 0.0, 'sedang': 1.0, 'banyak': 0.0}","{'Rule 2': 0.095, 'Rule 5': 0.905}","[{'alpha_level': 0.905, 'a_values': [21.61, 24.79]}, {'alpha_level': 0.095, 'a_values': [20.44, 29.0]}]"
2024-08-16 08:00,20.31,6.55,"{'rendah': [14.0, 14.0, 23.0, 25.0], 'normal': [23.0, 25.0, 29.0, 31.0], 'tinggi': [29.0, 31.0, 40.0, 40.0]}","{'asam': [4.0, 4.0, 5.0, 6.5], 'netral': [5.0, 6.5, 7.5, 9.0], 'basa': [7.5, 9.0, 14.0, 14.0]}","{'rendah': 1.0, 'normal': 0.0, 'tinggi': 0.0}","{'asam': 0.0, 'netral': 1.0, 'basa': 0.0}","{'sedikit': [17.4, 17.4, 20.3, 21.75], 'sedang': [20.3, 21.75, 24.65, 26.1], 'banyak': [24.65, 27.55, 29.0, 29.0]}","{'sedikit': 0.0, 'sedang': 1.0, 'banyak': 0.0}",{'Rule 5': 1.0},"[{'alpha_level': 1.0, 'a_values': [21.75, 24.65]}]"
2024-08-16 17:14,25.38,6.79,"{'rendah': [14.0, 14.0, 23.0, 25.0], 'normal': [23.0, 25.0, 29.0, 31.0], 'tinggi': [29.0, 31.0, 40.0, 40.0]}","{'asam': [4.0, 4.0, 5.0, 6.5], 'netral': [5.0, 6.5, 7.5, 9.0], 'basa': [7.5, 9.0, 14.0, 14.0]}","{'rendah': 0.0, 'normal': 1.0, 'tinggi': 0.0}","{'asam': 0.0, 'netral': 1.0, 'basa': 0.0}","{'sedikit': [17.4, 17.4, 20.3, 21.75], 'sedang': [20.3, 21.75, 24.65, 26.1], 'banyak': [24.65, 27.55, 29.0, 29.0]}","{'sedikit': 0.0, 'sedang': 0.0, 'banyak': 0.9582}",{'Rule 2': 1.0},"[{'alpha_level': 1.0, 'a_values': [27.55, 29.0]}]"
2024-08-17 07:40,26.13,6.86,"{'rendah': [14.0, 14.0, 23.0, 25.0], 'normal': [23.0, 25.0, 29.0, 31.0], 'tinggi': [29.0, 31.0, 40.0, 40.0]}","{'asam': [4.0, 4.0, 5.0, 6.5], 'netral': [5.0, 6.5, 7.5, 9.0], 'basa': [7.5, 9.0, 14.0, 14.0]}","{'rendah': 0.0, 'normal': 1.0, 'tinggi': 0.0}","{'asam': 0.0, 'netral': 1.0, 'basa': 0.0}","{'sedikit': [17.4, 17.4, 20.3, 21.75], 'sedang': [20.3, 21.75, 24.65, 26.1], 'banyak': [24.65, 27.55, 29.0, 29.0]}","{'sedikit': 0.0, 'sedang': 0.0, 'banyak': 0.9582}",{'Rule 2': 1.0},"[{'alpha_level': 1.0, 'a_values': [27.55, 29.0]}]"
2024-08-17 18:00,-,-,-,-,-,-,-,-,-,-
2024-08-19 08:00,24.88,6.82,"{'rendah': [14.0, 14.0, 23.0, 25.0], 'normal': [23.0, 25.0, 29.0, 31.0], 'tinggi': [29.0, 31.0, 40.0, 40.0]}","{'asam': [4.0, 4.0, 5.0, 6.5], 'netral': [5.0, 6.5, 7.5, 9.0], 'basa': [7.5, 9.0, 14.0, 14.0]}","{'rendah': 0.06, 'normal': 0.94, 'tinggi': 0.0}","{'asam': 0.0, 'netral': 1.0, 'basa': 0.0}","{'sedikit': [18.27, 18.27, 21.315, 22.8375], 'sedang': [21.315, 22.8375, 25.8825, 27.405], 'banyak': [25.8825, 28.9275, 30.45, 30.45]}","{'sedikit': 0.0, 'sedang': 0.0, 'banyak': 0.8052}","{'Rule 2': 0.94, 'Rule 5': 0.06}","[{'alpha_level': 0.94, 'a_values': [28.75, 30.45]}, {'alpha_level': 0.06, 'a_values': [21.41, 30.45]}]"
2024-08-19 18:00,-,-,-,-,-,-,-,-,-,-
2024-08-22 08:00,-,-,-,-,-,-,-,-,-,-
2024-08-22 18:00,-,-,-,-,-,-,-,-,-,-
2024-08-24 08:00,-,-,-,-,-,-,-,-,-,-
2024-08-24 18:01,24.0,6.75,"{'rendah': [14.0, 14.0, 23.0, 25.0], 'normal': [23.0, 25.0, 29.0, 31.0], 'tinggi': [29.0, 31.0, 40.0, 40.0]}","{'asam': [4.0, 4.0, 5.0, 6.5], 'netral': [5.0, 6.5, 7.5, 9.0], 'basa': [7.5, 9.0, 14.0, 14.0]}","{'rendah': 0.5, 'normal': 0.5, 'tinggi': 0.0}","{'asam': 0.0, 'netral': 1.0, 'basa': 0.0}","{'sedikit': [21.18, 21.18, 24.71, 26.475], 'sedang': [24.71, 26.475, 30.005, 31.77], 'banyak': [30.005, 33.535, 35.3, 35.3]}","{'sedikit': 0.0, 'sedang': 0.8858, 'banyak': 0.0571}","{'Rule 2': 0.5, 'Rule 5': 0.5}","[{'alpha_level': 0.5, 'a_values': [25.59, 30.89, 31.77, 35.3]}]"
2024-08-25 08:02,22.0,6.62,"{'rendah': [14.0, 14.0, 23.0, 25.0], 'normal': [23.0, 25.0, 29.0, 31.0], 'tinggi': [29.0, 31.0, 40.0, 40.0]}","{'asam': [4.0, 4.0, 5.0, 6.5], 'netral': [5.0, 6.5, 7.5, 9.0], 'basa': [7.5, 9.0, 14.0, 14.0]}","{'rendah': 1.0, 'normal': 0.0, 'tinggi': 0.0}","{'asam': 0.0, 'netral': 1.0, 'basa': 0.0}","{'sedikit': [21.18, 21.18, 24.71, 26.475], 'sedang': [24.71, 26.475, 30.005, 31.77], 'banyak': [30.005, 33.535, 35.3, 35.3]}","{'sedikit': 0.0, 'sedang': 1.0, 'banyak': 0.0}",{'Rule 5': 1.0},"[{'alpha_level': 1.0, 'a_values': [26.48, 30.0]}]"
2024-08-25 18:02,24.38,6.76,"{'rendah': [14.0, 14.0, 23.0, 25.0], 'normal': [23.0, 25.0, 29.0, 31.0], 'tinggi': [29.0, 31.0, 40.0, 40.0]}","{'asam': [4.0, 4.0, 5.0, 6.5], 'netral': [5.0, 6.5, 7.5, 9.0], 'basa': [7.5, 9.0, 14.0, 14.0]}","{'rendah': 0.31, 'normal': 0.69, 'tinggi': 0.0}","{'asam': 0.0, 'netral': 1.0, 'basa': 0.0}","{'sedikit': [21.18, 21.18, 24.71, 26.475], 'sedang': [24.71, 26.475, 30.005, 31.77], 'banyak': [30.005, 33.535, 35.3, 35.3]}","{'sedikit': 0.0, 'sedang': 0.3586, 'banyak': 0.3207}","{'Rule 2': 0.69, 'Rule 5': 0.31}","[{'alpha_level': 0.69, 'a_values': [32.44, 35.3]}, {'alpha_level': 0.31, 'a_values': [25.26, 35.3]}]"
2024-08-26 08:01,22.94,6.66,"{'rendah': [14.0, 14.0, 23.0, 25.0], 'normal': [23.0, 25.0, 29.0, 31.0], 'tinggi': [29.0, 31.0, 40.0, 40.0]}","{'asam': [4.0, 4.0, 5.0, 6.5], 'netral': [5.0, 6.5, 7.5, 9.0], 'basa': [7.5, 9.0, 14.0, 14.0]}","{'rendah': 1.0, 'normal': 0.0, 'tinggi': 0.0}","{'asam': 0.0, 'netral': 1.0, 'basa': 0.0}","{'sedikit': [21.18, 21.18, 24.71, 26.475], 'sedang': [24.71, 26.475, 30.005, 31.77], 'banyak': [30.005, 33.535, 35.3, 35.3]}","{'sedikit': 0.0, 'sedang': 1.0, 'banyak': 0.0}",{'Rule 5': 1.0},"[{'alpha_level': 1.0, 'a_values': [26.48, 30.0]}]"
2024-08-26 18:00,25.19,6.79,"{'rendah': [14.0, 14.0, 23.0, 25.0], 'normal': [23.0, 25.0, 29.0, 31.0], 'tinggi': [29.0, 31.0, 40.0, 40.0]}","{'asam': [4.0, 4.0, 5.0, 6.5], 'netral': [5.0, 6.5, 7.5, 9.0], 'basa': [7.5, 9.0, 14.0, 14.0]}","{'rendah': 0.0, 'normal': 1.0, 'tinggi': 0.0}","{'asam': 0.0, 'netral': 1.0, 'basa': 0.0}","{'sedikit': [21.18, 21.18, 24.71, 26.475], 'sedang': [24.71, 26.475, 30.005, 31.77], 'banyak': [30.005, 33.535, 35.3, 35.3]}","{'sedikit': 0.0, 'sedang': 0.0, 'banyak': 0.9583}",{'Rule 2': 1.0},"[{'alpha_level': 1.0, 'a_values': [33.54, 35.3]}]"
2024-08-27 08:02,22.44,6.63,"{'rendah': [14.0, 14.0, 23.0, 25.0], 'normal': [23.0, 25.0, 29.0, 31.0], 'tinggi': [29.0, 31.0, 40.0, 40.0]}","{'asam': [4.0, 4.0, 5.0, 6.5], 'netral': [5.0, 6.5, 7.5, 9.0], 'basa': [7.5, 9.0, 14.0, 14.0]}","{'rendah': 1.0, 'normal': 0.0, 'tinggi': 0.0}","{'asam': 0.0, 'netral': 1.0, 'basa': 0.0}","{'sedikit': [21.18, 21.18, 24.71, 26.475], 'sedang': [24.71, 26.475, 30.005, 31.77], 'banyak': [30.005, 33.535, 35.3, 35.3]}","{'sedikit': 0.0, 'sedang': 1.0, 'banyak': 0.0}",{'Rule 5': 1.0},"[{'alpha_level': 1.0, 'a_values': [26.48, 30.0]}]"
2024-08-27 18:02,23.63,6.66,"{'rendah': [14.0, 14.0, 23.0, 25.0], 'normal': [23.0, 25.0, 29.0, 31.0], 'tinggi': [29.0, 31.0, 40.0, 40.0]}","{'asam': [4.0, 4.0, 5.0, 6.5], 'netral': [5.0, 6.5, 7.5, 9.0], 'basa': [7.5, 9.0, 14.0, 14.0]}","{'rendah': 0.685, 'normal': 0.315, 'tinggi': 0.0}","{'asam': 0.0, 'netral': 1.0, 'basa': 0.0}","{'sedikit': [21.18, 21.18, 24.71, 26.475], 'sedang': [24.71, 26.475, 30.005, 31.77], 'banyak': [30.005, 33.535, 35.3, 35.3]}","{'sedikit': 0.0, 'sedang': 1.0, 'banyak': 0.0}","{'Rule 2': 0.315, 'Rule 5': 0.685}","[{'alpha_level': 0.685, 'a_values': [25.92, 30.56]}, {'alpha_level': 0.315, 'a_values': [25.27, 35.3]}]"
2024-08-28 08:03,24.5,6.66,"{'rendah': [14.0, 14.0, 23.0, 25.0], 'normal': [23.0, 25.0, 29.0, 31.0], 'tinggi': [29.0, 31.0, 40.0, 40.0]}","{'asam': [4.0, 4.0, 5.0, 6.5], 'netral': [5.0, 6.5, 7.5, 9.0], 'basa': [7.5, 9.0, 14.0, 14.0]}","{'rendah': 0.25, 'normal': 0.75, 'tinggi': 0.0}","{'asam': 0.0, 'netral': 1.0, 'basa': 0.0}","{'sedikit': [21.18, 21.18, 24.71, 26.475], 'sedang': [24.71, 26.475, 30.005, 31.77], 'banyak': [30.005, 33.535, 35.3, 35.3]}","{'sedikit': 0.0, 'sedang': 0.1616, 'banyak': 0.4192}","{'Rule 2': 0.75, 'Rule 5': 0.25}","[{'alpha_level': 0.75, 'a_values': [32.65, 35.3]}, {'alpha_level': 0.25, 'a_values': [25.15, 35.3]}]"
2024-08-28 18:04,25.0,6.76,"{'rendah': [14.0, 14.0, 23.0, 25.0], 'normal': [23.0, 25.0, 29.0, 31.0], 'tinggi': [29.0, 31.0, 40.0, 40.0]}","{'asam': [4.0, 4.0, 5.0, 6.5], 'netral': [5.0, 6.5, 7.5, 9.0], 'basa': [7.5, 9.0, 14.0, 14.0]}","{'rendah': 0.0, 'normal': 1.0, 'tinggi': 0.0}","{'asam': 0.0, 'netral': 1.0, 'basa': 0.0}","{'sedikit': [21.18, 21.18, 24.71, 26.475], 'sedang': [24.71, 26.475, 30.005, 31.77], 'banyak': [30.005, 33.535, 35.3, 35.3]}","{'sedikit': 0.0, 'sedang': 0.0, 'banyak': 0.9583}",{'Rule 2': 1.0},"[{'alpha_level': 1.0, 'a_values': [33.54, 35.3]}]"
2024-08-29 08:01,22.69,6.6,"{'rendah': [14.0, 14.0, 23.0, 25.0], 'normal': [23.0, 25.0, 29.0, 31.0], 'tinggi': [29.0, 31.0, 40.0, 40.0]}","{'asam': [4.0, 4.0, 5.0, 6.5], 'netral': [5.0, 6.5, 7.5, 9.0], 'basa': [7.5, 9.0, 14.0, 14.0]}","{'rendah': 1.0, 'normal': 0.0, 'tinggi': 0.0}","{'asam': 0.0, 'netral': 1.0, 'basa': 0.0}","{'sedikit': [21.18, 21.18, 24.71, 26.475], 'sedang': [24.71, 26.475, 30.005, 31.77], 'banyak': [30.005, 33.535, 35.3, 35.3]}","{'sedikit': 0.0, 'sedang': 1.0, 'banyak': 0.0}",{'Rule 5': 1.0},"[{'alpha_level': 1.0, 'a_values': [26.48, 30.0]}]"
2024-08-29 18:04,24.13,6.68,"{'rendah': [14.0, 14.0, 23.0, 25.0], 'normal': [23.0, 25.0, 29.0, 31.0], 'tinggi': [29.0, 31.0, 40.0, 40.0]}","{'asam': [4.0, 4.0, 5.0, 6.5], 'netral': [5.0, 6.5, 7.5, 9.0], 'basa': [7.5, 9.0, 14.0, 14.0]}","{'rendah': 0.435, 'normal': 0.565, 'tinggi': 0.0}","{'asam': 0.0, 'netral': 1.0, 'basa': 0.0}","{'sedikit': [21.18, 21.18, 24.71, 26.475], 'sedang': [24.71, 26.475, 30.005, 31.77], 'banyak': [30.005, 33.535, 35.3, 35.3]}","{'sedikit': 0.0, 'sedang': 0.7179, 'banyak': 0.141}","{'Rule 2': 0.565, 'Rule 5': 0.435}","[{'alpha_level': 0.565, 'a_values': [32.0, 35.3]}, {'alpha_level': 0.435, 'a_values': [25.48, 31.0, 31.54, 35.3]}]"
2024-08-30 08:01,22.06,6.56,"{'rendah': [14.0, 14.0, 23.0, 25.0], 'normal': [23.0, 25.0, 29.0, 31.0], 'tinggi': [29.0, 31.0, 40.0, 40.0]}","{'asam': [4.0, 4.0, 5.0, 6.5], 'netral': [5.0, 6.5, 7.5, 9.0], 'basa': [7.5, 9.0, 14.0, 14.0]}","{'rendah': 1.0, 'normal': 0.0, 'tinggi': 0.0}","{'asam': 0.0, 'netral': 1.0, 'basa': 0.0}","{'sedikit': [21.18, 21.18, 24.71, 26.475], 'sedang': [24.71, 26.475, 30.005, 31.77], 'banyak': [30.005, 33.535, 35.3, 35.3]}","{'sedikit': 0.0, 'sedang': 1.0, 'banyak': 0.0}",{'Rule 5': 1.0},"[{'alpha_level': 1.0, 'a_values': [26.48, 30.0]}]"
2024-08-30 18:02,24.19,6.7,"{'rendah': [14.0, 14.0, 23.0, 25.0], 'normal': [23.0, 25.0, 29.0, 31.0], 'tinggi': [29.0, 31.0, 40.0, 40.0]}","{'asam': [4.0, 4.0, 5.0, 6.5], 'netral': [5.0, 6.5, 7.5, 9.0], 'basa': [7.5, 9.0, 14.0, 14.0]}","{'rendah': 0.405, 'normal': 0.595, 'tinggi': 0.0}","{'asam': 0.0, 'netral': 1.0, 'basa': 0.0}","{'sedikit': [21.18, 21.18, 24.71, 26.475], 'sedang': [24.71, 26.475, 30.005, 31.77], 'banyak': [30.005, 33.535, 35.3, 35.3]}","{'sedikit': 0.0, 'sedang': 0.6368, 'banyak': 0.1816}","{'Rule 2': 0.595, 'Rule 5': 0.405}","[{'alpha_level': 0.595, 'a_values': [32.11, 35.3]}, {'alpha_level': 0.405, 'a_values': [25.43, 31.06, 31.44, 35.3]}]"
2024-08-31 08:02,22.25,6.6,"{'rendah': [14.0, 14.0, 23.0, 25.0], 'normal': [23.0, 25.0, 29.0, 31.0], 'tinggi': [29.0, 31.0, 40.0, 40.0]}","{'asam': [4.0, 4.0, 5.0, 6.5], 'netral': [5.0, 6.5, 7.5, 9.0], 'basa': [7.5, 9.0, 14.0, 14.0]}","{'rendah': 1.0, 'normal': 0.0, 'tinggi': 0.0}","{'asam': 0.0, 'netral': 1.0, 'basa': 0.0}","{'sedikit': [22.38, 22.38, 26.11, 27.975], 'sedang': [26.11, 27.975, 31.705, 33.57], 'banyak': [31.705, 35.435, 37.3, 37.3]}","{'sedikit': 0.0, 'sedang': 1.0, 'banyak': 0.0}",{'Rule 5': 1.0},"[{'alpha_level': 1.0, 'a_values': [27.98, 31.7]}]"
2024-08-31 18:02,24.81,6.74,"{'rendah': [14.0, 14.0, 23.0, 25.0], 'normal': [23.0, 25.0, 29.0, 31.0], 'tinggi': [29.0, 31.0, 40.0, 40.0]}","{'asam': [4.0, 4.0, 5.0, 6.5], 'netral': [5.0, 6.5, 7.5, 9.0], 'basa': [7.5, 9.0, 14.0, 14.0]}","{'rendah': 0.095, 'normal': 0.905, 'tinggi': 0.0}","{'asam': 0.0, 'netral': 1.0, 'basa': 0.0}","{'sedikit': [22.38, 22.38, 26.11, 27.975], 'sedang': [26.11, 27.975, 31.705, 33.57], 'banyak': [31.705, 35.435, 37.3, 37.3]}","{'sedikit': 0.0, 'sedang': 0.0, 'banyak': 0.724}","{'Rule 2': 0.905, 'Rule 5': 0.095}","[{'alpha_level': 0.905, 'a_values': [35.08, 37.3]}, {'alpha_level': 0.095, 'a_values': [26.29, 37.3]}]"
2024-09-01 08:02,23.13,6.63,"{'rendah': [14.0, 14.0, 23.0, 25.0], 'normal': [23.0, 25.0, 29.0, 31.0], 'tinggi': [29.0, 31.0, 40.0, 40.0]}","{'asam': [4.0, 4.0, 5.0, 6.5], 'netral': [5.0, 6.5, 7.5, 9.0], 'basa': [7.5, 9.0, 14.0, 14.0]}","{'rendah': 0.935, 'normal': 0.065, 'tinggi': 0.0}","{'asam': 0.0, 'netral': 1.0, 'basa': 0.0}","{'sedikit': [22.38, 22.38, 26.11, 27.975], 'sedang': [26.11, 27.975, 31.705, 33.57], 'banyak': [31.705, 35.435, 37.3, 37.3]}","{'sedikit': 0.0, 'sedang': 1.0, 'banyak': 0.0}","{'Rule 2': 0.065, 'Rule 5': 0.935}","[{'alpha_level': 0.935, 'a_values': [27.85, 31.83]}, {'alpha_level': 0.065, 'a_values': [26.23, 37.3]}]"
2024-09-01 18:02,24.94,6.73,"{'rendah': [14.0, 14.0, 23.0, 25.0], 'normal': [23.0, 25.0, 29.0, 31.0], 'tinggi': [29.0, 31.0, 40.0, 40.0]}","{'asam': [4.0, 4.0, 5.0, 6.5], 'netral': [5.0, 6.5, 7.5, 9.0], 'basa': [7.5, 9.0, 14.0, 14.0]}","{'rendah': 0.03, 'normal': 0.97, 'tinggi': 0.0}","{'asam': 0.0, 'netral': 1.0, 'basa': 0.0}","{'sedikit': [22.38, 22.38, 26.11, 27.975], 'sedang': [26.11, 27.975, 31.705, 33.57], 'banyak': [31.705, 35.435, 37.3, 37.3]}","{'sedikit': 0.0, 'sedang': 0.0, 'banyak': 0.8795}","{'Rule 2': 0.97, 'Rule 5': 0.03}","[{'alpha_level': 0.97, 'a_values': [35.32, 37.3]}, {'alpha_level': 0.03, 'a_values': [26.17, 37.3]}]"
2024-09-02 08:02,23.13,6.65,"{'rendah': [14.0, 14.0, 23.0, 25.0], 'normal': [23.0, 25.0, 29.0, 31.0], 'tinggi': [29.0, 31.0, 40.0, 40.0]}","{'asam': [4.0, 4.0, 5.0, 6.5], 'netral': [5.0, 6.5, 7.5, 9.0], 'basa': [7.5, 9.0, 14.0, 14.0]}","{'rendah': 0.935, 'normal': 0.065, 'tinggi': 0.0}","{'asam': 0.0, 'netral': 1.0, 'basa': 0.0}","{'sedikit': [22.38, 22.38, 26.11, 27.975], 'sedang': [26.11, 27.975, 31.705, 33.57], 'banyak': [31.705, 35.435, 37.3, 37.3]}","{'sedikit': 0.0, 'sedang': 1.0, 'banyak': 0.0}","{'Rule 2': 0.065, 'Rule 5': 0.935}","[{'alpha_level': 0.935, 'a_values': [27.85, 31.83]}, {'alpha_level': 0.065, 'a_values': [26.23, 37.3]}]"
2024-09-02 18:01,24.38,6.75,"{'rendah': [14.0, 14.0, 23.0, 25.0], 'normal': [23.0, 25.0, 29.0, 31.0], 'tinggi': [29.0, 31.0, 40.0, 40.0]}","{'asam': [4.0, 4.0, 5.0, 6.5], 'netral': [5.0, 6.5, 7.5, 9.0], 'basa': [7.5, 9.0, 14.0, 14.0]}","{'rendah': 0.31, 'normal': 0.69, 'tinggi': 0.0}","{'asam': 0.0, 'netral': 1.0, 'basa': 0.0}","{'sedikit': [22.38, 22.38, 26.11, 27.975], 'sedang': [26.11, 27.975, 31.705, 33.57], 'banyak': [31.705, 35.435, 37.3, 37.3]}","{'sedikit': 0.0, 'sedang': 0.3586, 'banyak': 0.3207}","{'Rule 2': 0.69, 'Rule 5': 0.31}","[{'alpha_level': 0.69, 'a_values': [34.28, 37.3]}, {'alpha_level': 0.31, 'a_values': [26.69, 37.3]}]"
2024-09-03 08:02,23.94,6.59,"{'rendah': [14.0, 14.0, 23.0, 25.0], 'normal': [23.0, 25.0, 29.0, 31.0], 'tinggi': [29.0, 31.0, 40.0, 40.0]}","{'asam': [4.0, 4.0, 5.0, 6.5], 'netral': [5.0, 6.5, 7.5, 9.0], 'basa': [7.5, 9.0, 14.0, 14.0]}","{'rendah': 0.53, 'normal': 0.47, 'tinggi': 0.0}","{'asam': 0.0, 'netral': 1.0, 'basa': 0.0}","{'sedikit': [22.38, 22.38, 26.11, 27.975], 'sedang': [26.11, 27.975, 31.705, 33.57], 'banyak': [31.705, 35.435, 37.3, 37.3]}","{'sedikit': 0.0, 'sedang': 0.9603, 'banyak': 0.0199}","{'Rule 2': 0.47, 'Rule 5': 0.53}","[{'alpha_level': 0.53, 'a_values': [27.1, 32.58]}, {'alpha_level': 0.47, 'a_values': [26.99, 32.69, 33.46, 37.3]}]"
2024-09-03 18:02,24.25,6.72,"{'rendah': [14.0, 14.0, 23.0, 25.0], 'normal': [23.0, 25.0, 29.0, 31.0], 'tinggi': [29.0, 31.0, 40.0, 40.0]}","{'asam': [4.0, 4.0, 5.0, 6.5], 'netral': [5.0, 6.5, 7.5, 9.0], 'basa': [7.5, 9.0, 14.0, 14.0]}","{'rendah': 0.375, 'normal': 0.625, 'tinggi': 0.0}","{'asam': 0.0, 'netral': 1.0, 'basa': 0.0}","{'sedikit': [22.38, 22.38, 26.11, 27.975], 'sedang': [26.11, 27.975, 31.705, 33.57], 'banyak': [31.705, 35.435, 37.3, 37.3]}","{'sedikit': 0.0, 'sedang': 0.5527, 'banyak': 0.2236}","{'Rule 2': 0.625, 'Rule 5': 0.375}","[{'alpha_level': 0.625, 'a_values': [34.04, 37.3]}, {'alpha_level': 0.375, 'a_values': [26.81, 32.87, 33.1, 37.3]}]"
2024-09-04 08:01,25.19,6.62,"{'rendah': [14.0, 14.0, 23.0, 25.0], 'normal': [23.0, 25.0, 29.0, 31.0], 'tinggi': [29.0, 31.0, 40.0, 40.0]}","{'asam': [4.0, 4.0, 5.0, 6.5], 'netral': [5.0, 6.5, 7.5, 9.0], 'basa': [7.5, 9.0, 14.0, 14.0]}","{'rendah': 0.0, 'normal': 1.0, 'tinggi': 0.0}","{'asam': 0.0, 'netral': 1.0, 'basa': 0.0}","{'sedikit': [22.38, 22.38, 26.11, 27.975], 'sedang': [26.11, 27.975, 31.705, 33.57], 'banyak': [31.705, 35.435, 37.3, 37.3]}","{'sedikit': 0.0, 'sedang': 0.0, 'banyak': 0.9583}",{'Rule 2': 1.0},"[{'alpha_level': 1.0, 'a_values': [35.44, 37.3]}]"
2024-09-04 18:02,24.81,6.75,"{'rendah': [14.0, 14.0, 23.0, 25.0], 'normal': [23.0, 25.0, 29.0, 31.0], 'tinggi': [29.0, 31.0, 40.0, 40.0]}","{'asam': [4.0, 4.0, 5.0, 6.5], 'netral': [5.0, 6.5, 7.5, 9.0], 'basa': [7.5, 9.0, 14.0, 14.0]}","{'rendah': 0.095, 'normal': 0.905, 'tinggi': 0.0}","{'asam': 0.0, 'netral': 1.0, 'basa': 0.0}","{'sedikit': [22.38, 22.38, 26.11, 27.975], 'sedang': [26.11, 27.975, 31.705, 33.57], 'banyak': [31.705, 35.435, 37.3, 37.3]}","{'sedikit': 0.0, 'sedang': 0.0, 'banyak': 0.724}","{'Rule 2': 0.905, 'Rule 5': 0.095}","[{'alpha_level': 0.905, 'a_values': [35.08, 37.3]}, {'alpha_level': 0.095, 'a_values': [26.29, 37.3]}]"
2024-09-05 08:02,25.44,6.66,"{'rendah': [14.0, 14.0, 23.0, 25.0], 'normal': [23.0, 25.0, 29.0, 31.0], 'tinggi': [29.0, 31.0, 40.0, 40.0]}","{'asam': [4.0, 4.0, 5.0, 6.5], 'netral': [5.0, 6.5, 7.5, 9.0], 'basa': [7.5, 9.0, 14.0, 14.0]}","{'rendah': 0.0, 'normal': 1.0, 'tinggi': 0.0}","{'asam': 0.0, 'netral': 1.0, 'basa': 0.0}","{'sedikit': [22.38, 22.38, 26.11, 27.975], 'sedang': [26.11, 27.975, 31.705, 33.57], 'banyak': [31.705, 35.435, 37.3, 37.3]}","{'sedikit': 0.0, 'sedang': 0.0, 'banyak': 0.9583}",{'Rule 2': 1.0},"[{'alpha_level': 1.0, 'a_values': [35.44, 37.3]}]"
2024-09-05 18:02,24.75,6.75,"{'rendah': [14.0, 14.0, 23.0, 25.0], 'normal': [23.0, 25.0, 29.0, 31.0], 'tinggi': [29.0, 31.0, 40.0, 40.0]}","{'asam': [4.0, 4.0, 5.0, 6.5], 'netral': [5.0, 6.5, 7.5, 9.0], 'basa': [7.5, 9.0, 14.0, 14.0]}","{'rendah': 0.125, 'normal': 0.875, 'tinggi': 0.0}","{'asam': 0.0, 'netral': 1.0, 'basa': 0.0}","{'sedikit': [22.38, 22.38, 26.11, 27.975], 'sedang': [26.11, 27.975, 31.705, 33.57], 'banyak': [31.705, 35.435, 37.3, 37.3]}","{'sedikit': 0.0, 'sedang': 0.0, 'banyak': 0.6584}","{'Rule 2': 0.875, 'Rule 5': 0.125}","[{'alpha_level': 0.875, 'a_values': [34.97, 37.3]}, {'alpha_level': 0.125, 'a_values': [26.34, 37.3]}]"
2024-09-06 08:01,24.81,6.57,"{'rendah': [14.0, 14.0, 23.0, 25.0], 'normal': [23.0, 25.0, 29.0, 31.0], 'tinggi': [29.0, 31.0, 40.0, 40.0]}","{'asam': [4.0, 4.0, 5.0, 6.5], 'netral': [5.0, 6.5, 7.5, 9.0], 'basa': [7.5, 9.0, 14.0, 14.0]}","{'rendah': 0.095, 'normal': 0.905, 'tinggi': 0.0}","{'asam': 0.0, 'netral': 1.0, 'basa': 0.0}","{'sedikit': [22.38, 22.38, 26.11, 27.975], 'sedang': [26.11, 27.975, 31.705, 33.57], 'banyak': [31.705, 35.435, 37.3, 37.3]}","{'sedikit': 0.0, 'sedang': 0.0, 'banyak': 0.724}","{'Rule 2': 0.905, 'Rule 5': 0.095}","[{'alpha_level': 0.905, 'a_values': [35.08, 37.3]}, {'alpha_level': 0.095, 'a_values': [26.29, 37.3]}]"
2024-09-06 18:02,24.69,6.76,"{'rendah': [14.0, 14.0, 23.0, 25.0], 'normal': [23.0, 25.0, 29.0, 31.0], 'tinggi': [29.0, 31.0, 40.0, 40.0]}","{'asam': [4.0, 4.0, 5.0, 6.5], 'netral': [5.0, 6.5, 7.5, 9.0], 'basa': [7.5, 9.0, 14.0, 14.0]}","{'rendah': 0.155, 'normal': 0.845, 'tinggi': 0.0}","{'asam': 0.0, 'netral': 1.0, 'basa': 0.0}","{'sedikit': [22.38, 22.38, 26.11, 27.975], 'sedang': [26.11, 27.975, 31.705, 33.57], 'banyak': [31.705, 35.435, 37.3, 37.3]}","{'sedikit': 0.0, 'sedang': 0.0, 'banyak': 0.5962}","{'Rule 2': 0.845, 'Rule 5': 0.155}","[{'alpha_level': 0.845, 'a_values': [34.86, 37.3]}, {'alpha_level': 0.155, 'a_values': [26.4, 37.3]}]"
2024-09-07 08:02,24.69,6.59,"{'rendah': [14.0, 14.0, 23.0, 25.0], 'normal': [23.0, 25.0, 29.0, 31.0], 'tinggi': [29.0, 31.0, 40.0, 40.0]}","{'asam': [4.0, 4.0, 5.0, 6.5], 'netral': [5.0, 6.5, 7.5, 9.0], 'basa': [7.5, 9.0, 14.0, 14.0]}","{'rendah': 0.155, 'normal': 0.845, 'tinggi': 0.0}","{'asam': 0.0, 'netral': 1.0, 'basa': 0.0}","{'sedikit': [23.37, 23.37, 27.265, 29.2125], 'sedang': [27.265, 29.2125, 33.1075, 35.055], 'banyak': [33.1075, 37.0025, 38.95, 38.95]}","{'sedikit': 0.0, 'sedang': 0.0, 'banyak': 0.5962}","{'Rule 2': 0.845, 'Rule 5': 0.155}","[{'alpha_level': 0.845, 'a_values': [36.4, 38.95]}, {'alpha_level': 0.155, 'a_values': [27.57, 38.95]}]"
2024-09-07 18:02,24.88,6.71,"{'rendah': [14.0, 14.0, 23.0, 25.0], 'normal': [23.0, 25.0, 29.0, 31.0], 'tinggi': [29.0, 31.0, 40.0, 40.0]}","{'asam': [4.0, 4.0, 5.0, 6.5], 'netral': [5.0, 6.5, 7.5, 9.0], 'basa': [7.5, 9.0, 14.0, 14.0]}","{'rendah': 0.06, 'normal': 0.94, 'tinggi': 0.0}","{'asam': 0.0, 'netral': 1.0, 'basa': 0.0}","{'sedikit': [23.37, 23.37, 27.265, 29.2125], 'sedang': [27.265, 29.2125, 33.1075, 35.055], 'banyak': [33.1075, 37.0025, 38.95, 38.95]}","{'sedikit': 0.0, 'sedang': 0.0, 'banyak': 0.8053}","{'Rule 2': 0.94, 'Rule 5': 0.06}","[{'alpha_level': 0.94, 'a_values': [36.77, 38.95]}, {'alpha_level': 0.06, 'a_values': [27.38, 38.95]}]"
2024-09-08 08:02,23.88,6.66,"{'rendah': [14.0, 14.0, 23.0, 25.0], 'normal': [23.0, 25.0, 29.0, 31.0], 'tinggi': [29.0, 31.0, 40.0, 40.0]}","{'asam': [4.0, 4.0, 5.0, 6.5], 'netral': [5.0, 6.5, 7.5, 9.0], 'basa': [7.5, 9.0, 14.0, 14.0]}","{'rendah': 0.56, 'normal': 0.44, 'tinggi': 0.0}","{'asam': 0.0, 'netral': 1.0, 'basa': 0.0}","{'sedikit': [23.37, 23.37, 27.265, 29.2125], 'sedang': [27.265, 29.2125, 33.1075, 35.055], 'banyak': [33.1075, 37.0025, 38.95, 38.95]}","{'sedikit': 0.0, 'sedang': 1.0, 'banyak': 0.0}","{'Rule 2': 0.44, 'Rule 5': 0.56}","[{'alpha_level': 0.56, 'a_values': [28.36, 33.96]}, {'alpha_level': 0.44, 'a_values': [28.12, 34.2, 34.82, 38.95]}]"
2024-09-08 18:02,25.13,6.71,"{'rendah': [14.0, 14.0, 23.0, 25.0], 'normal': [23.0, 25.0, 29.0, 31.0], 'tinggi': [29.0, 31.0, 40.0, 40.0]}","{'asam': [4.0, 4.0, 5.0, 6.5], 'netral': [5.0, 6.5, 7.5, 9.0], 'basa': [7.5, 9.0, 14.0, 14.0]}","{'rendah': 0.0, 'normal': 1.0, 'tinggi': 0.0}","{'asam': 0.0, 'netral': 1.0, 'basa': 0.0}","{'sedikit': [23.37, 23.37, 27.265, 29.2125], 'sedang': [27.265, 29.2125, 33.1075, 35.055], 'banyak': [33.1075, 37.0025, 38.95, 38.95]}","{'sedikit': 0.0, 'sedang': 0.0, 'banyak': 0.9583}",{'Rule 2': 1.0},"[{'alpha_level': 1.0, 'a_values': [37.0, 38.95]}]"
2024-09-09 08:02,23.5,6.65,"{'rendah': [14.0, 14.0, 23.0, 25.0], 'normal': [23.0, 25.0, 29.0, 31.0], 'tinggi': [29.0, 31.0, 40.0, 40.0]}","{'asam': [4.0, 4.0, 5.0, 6.5], 'netral': [5.0, 6.5, 7.5, 9.0], 'basa': [7.5, 9.0, 14.0, 14.0]}","{'rendah': 0.75, 'normal': 0.25, 'tinggi': 0.0}","{'asam': 0.0, 'netral': 1.0, 'basa': 0.0}","{'sedikit': [23.37, 23.37, 27.265, 29.2125], 'sedang': [27.265, 29.2125, 33.1075, 35.055], 'banyak': [33.1075, 37.0025, 38.95, 38.95]}","{'sedikit': 0.0, 'sedang': 1.0, 'banyak': 0.0}","{'Rule 2': 0.25, 'Rule 5': 0.75}","[{'alpha_level': 0.75, 'a_values': [28.73, 33.59]}, {'alpha_level': 0.25, 'a_values': [27.75, 38.95]}]"
2024-09-09 18:02,25.69,6.74,"{'rendah': [14.0, 14.0, 23.0, 25.0], 'normal': [23.0, 25.0, 29.0, 31.0], 'tinggi': [29.0, 31.0, 40.0, 40.0]}","{'asam': [4.0, 4.0, 5.0, 6.5], 'netral': [5.0, 6.5, 7.5, 9.0], 'basa': [7.5, 9.0, 14.0, 14.0]}","{'rendah': 0.0, 'normal': 1.0, 'tinggi': 0.0}","{'asam': 0.0, 'netral': 1.0, 'basa': 0.0}","{'sedikit': [23.37, 23.37, 27.265, 29.2125], 'sedang': [27.265, 29.2125, 33.1075, 35.055], 'banyak': [33.1075, 37.0025, 38.95, 38.95]}","{'sedikit': 0.0, 'sedang': 0.0, 'banyak': 0.9583}",{'Rule 2': 1.0},"[{'alpha_level': 1.0, 'a_values': [37.0, 38.95]}]"
2024-09-10 08:01,23.75,6.64,"{'rendah': [14.0, 14.0, 23.0, 25.0], 'normal': [23.0, 25.0, 29.0, 31.0], 'tinggi': [29.0, 31.0, 40.0, 40.0]}","{'asam': [4.0, 4.0, 5.0, 6.5], 'netral': [5.0, 6.5, 7.5, 9.0], 'basa': [7.5, 9.0, 14.0, 14.0]}","{'rendah': 0.625, 'normal': 0.375, 'tinggi': 0.0}","{'asam': 0.0, 'netral': 1.0, 'basa': 0.0}","{'sedikit': [23.37, 23.37, 27.265, 29.2125], 'sedang': [27.265, 29.2125, 33.1075, 35.055], 'banyak': [33.1075, 37.0025, 38.95, 38.95]}","{'sedikit': 0.0, 'sedang': 1.0, 'banyak': 0.0}","{'Rule 2': 0.375, 'Rule 5': 0.625}","[{'alpha_level': 0.625, 'a_values': [28.48, 33.84]}, {'alpha_level': 0.375, 'a_values': [28.0, 34.32, 34.57, 38.95]}]"
2024-09-10 18:02,25.13,6.74,"{'rendah': [14.0, 14.0, 23.0, 25.0], 'normal': [23.0, 25.0, 29.0, 31.0], 'tinggi': [29.0, 31.0, 40.0, 40.0]}","{'asam': [4.0, 4.0, 5.0, 6.5], 'netral': [5.0, 6.5, 7.5, 9.0], 'basa': [7.5, 9.0, 14.0, 14.0]}","{'rendah': 0.0, 'normal': 1.0, 'tinggi': 0.0}","{'asam': 0.0, 'netral': 1.0, 'basa': 0.0}","{'sedikit': [23.37, 23.37, 27.265, 29.2125], 'sedang': [27.265, 29.2125, 33.1075, 35.055], 'banyak': [33.1075, 37.0025, 38.95, 38.95]}","{'sedikit': 0.0, 'sedang': 0.0, 'banyak': 0.9583}",{'Rule 2': 1.0},"[{'alpha_level': 1.0, 'a_values': [37.0, 38.95]}]"
2024-09-11 08:02,23.56,6.66,"{'rendah': [14.0, 14.0, 23.0, 25.0], 'normal': [23.0, 25.0, 29.0, 31.0], 'tinggi': [29.0, 31.0, 40.0, 40.0]}","{'asam': [4.0, 4.0, 5.0, 6.5], 'netral': [5.0, 6.5, 7.5, 9.0], 'basa': [7.5, 9.0, 14.0, 14.0]}","{'rendah': 0.72, 'normal': 0.28, 'tinggi': 0.0}","{'asam': 0.0, 'netral': 1.0, 'basa': 0.0}","{'sedikit': [23.37, 23.37, 27.265, 29.2125], 'sedang': [27.265, 29.2125, 33.1075, 35.055], 'banyak': [33.1075, 37.0025, 38.95, 38.95]}","{'sedikit': 0.0, 'sedang': 1.0, 'banyak': 0.0}","{'Rule 2': 0.28, 'Rule 5': 0.72}","[{'alpha_level': 0.72, 'a_values': [28.67, 33.65]}, {'alpha_level': 0.28, 'a_values': [27.81, 38.95]}]"
2024-09-11 18:02,25.44,6.74,"{'rendah': [14.0, 14.0, 23.0, 25.0], 'normal': [23.0, 25.0, 29.0, 31.0], 'tinggi': [29.0, 31.0, 40.0, 40.0]}","{'asam': [4.0, 4.0, 5.0, 6.5], 'netral': [5.0, 6.5, 7.5, 9.0], 'basa': [7.5, 9.0, 14.0, 14.0]}","{'rendah': 0.0, 'normal': 1.0, 'tinggi': 0.0}","{'asam': 0.0, 'netral': 1.0, 'basa': 0.0}","{'sedikit': [23.37, 23.37, 27.265, 29.2125], 'sedang': [27.265, 29.2125, 33.1075, 35.055], 'banyak': [33.1075, 37.0025, 38.95, 38.95]}","{'sedikit': 0.0, 'sedang': 0.0, 'banyak': 0.9583}",{'Rule 2': 1.0},"[{'alpha_level': 1.0, 'a_values': [37.0, 38.95]}]"
2024-09-12 08:02,22.88,6.64,"{'rendah': [14.0, 14.0, 23.0, 25.0], 'normal': [23.0, 25.0, 29.0, 31.0], 'tinggi': [29.0, 31.0, 40.0, 40.0]}","{'asam': [4.0, 4.0, 5.0, 6.5], 'netral': [5.0, 6.5, 7.5, 9.0], 'basa': [7.5, 9.0, 14.0, 14.0]}","{'rendah': 1.0, 'normal': 0.0, 'tinggi': 0.0}","{'asam': 0.0, 'netral': 1.0, 'basa': 0.0}","{'sedikit': [23.37, 23.37, 27.265, 29.2125], 'sedang': [27.265, 29.2125, 33.1075, 35.055], 'banyak': [33.1075, 37.0025, 38.95, 38.95]}","{'sedikit': 0.0, 'sedang': 1.0, 'banyak': 0.0}",{'Rule 5': 1.0},"[{'alpha_level': 1.0, 'a_values': [29.21, 33.11]}]"
2024-09-12 18:02,24.88,6.73,"{'rendah': [14.0, 14.0, 23.0, 25.0], 'normal': [23.0, 25.0, 29.0, 31.0], 'tinggi': [29.0, 31.0, 40.0, 40.0]}","{'asam': [4.0, 4.0, 5.0, 6.5], 'netral': [5.0, 6.5, 7.5, 9.0], 'basa': [7.5, 9.0, 14.0, 14.0]}","{'rendah': 0.06, 'normal': 0.94, 'tinggi': 0.0}","{'asam': 0.0, 'netral': 1.0, 'basa': 0.0}","{'sedikit': [23.37, 23.37, 27.265, 29.2125], 'sedang': [27.265, 29.2125, 33.1075, 35.055], 'banyak': [33.1075, 37.0025, 38.95, 38.95]}","{'sedikit': 0.0, 'sedang': 0.0, 'banyak': 0.8053}","{'Rule 2': 0.94, 'Rule 5': 0.06}","[{'alpha_level': 0.94, 'a_values': [36.77, 38.95]}, {'alpha_level': 0.06, 'a_values': [27.38, 38.95]}]"
2024-09-13 08:00,21.94,6.54,"{'rendah': [14.0, 14.0, 23.0, 25.0], 'normal': [23.0, 25.0, 29.0, 31.0], 'tinggi': [29.0, 31.0, 40.0, 40.0]}","{'asam': [4.0, 4.0, 5.0, 6.5], 'netral': [5.0, 6.5, 7.5, 9.0], 'basa': [7.5, 9.0, 14.0, 14.0]}","{'rendah': 1.0, 'normal': 0.0, 'tinggi': 0.0}","{'asam': 0.0, 'netral': 1.0, 'basa': 0.0}","{'sedikit': [23.37, 23.37, 27.265, 29.2125], 'sedang': [27.265, 29.2125, 33.1075, 35.055], 'banyak': [33.1075, 37.0025, 38.95, 38.95]}","{'sedikit': 0.0, 'sedang': 1.0, 'banyak': 0.0}",{'Rule 5': 1.0},"[{'alpha_level': 1.0, 'a_values': [29.21, 33.11]}]"
2024-09-13 18:00,24.38,6.68,"{'rendah': [14.0, 14.0, 23.0, 25.0], 'normal': [23.0, 25.0, 29.0, 31.0], 'tinggi': [29.0, 31.0, 40.0, 40.0]}","{'asam': [4.0, 4.0, 5.0, 6.5], 'netral': [5.0, 6.5, 7.5, 9.0], 'basa': [7.5, 9.0, 14.0, 14.0]}","{'rendah': 0.31, 'normal': 0.69, 'tinggi': 0.0}","{'asam': 0.0, 'netral': 1.0, 'basa': 0.0}","{'sedikit': [23.37, 23.37, 27.265, 29.2125], 'sedang': [27.265, 29.2125, 33.1075, 35.055], 'banyak': [33.1075, 37.0025, 38.95, 38.95]}","{'sedikit': 0.0, 'sedang': 0.3586, 'banyak': 0.3207}","{'Rule 2': 0.69, 'Rule 5': 0.31}","[{'alpha_level': 0.69, 'a_values': [35.8, 38.95]}, {'alpha_level': 0.31, 'a_values': [27.87, 38.95]}]"
2024-09-14 08:00,22.0,6.57,"{'rendah': [14.0, 14.0, 23.0, 25.0], 'normal': [23.0, 25.0, 29.0, 31.0], 'tinggi': [29.0, 31.0, 40.0, 40.0]}","{'asam': [4.0, 4.0, 5.0, 6.5], 'netral': [5.0, 6.5, 7.5, 9.0], 'basa': [7.5, 9.0, 14.0, 14.0]}","{'rendah': 1.0, 'normal': 0.0, 'tinggi': 0.0}","{'asam': 0.0, 'netral': 1.0, 'basa': 0.0}","{'sedikit': [24.54, 24.54, 28.63, 30.675], 'sedang': [28.63, 30.675, 34.765, 36.81], 'banyak': [34.765, 38.855, 40.9, 40.9]}","{'sedikit': 0.0, 'sedang': 1.0, 'banyak': 0.0}",{'Rule 5': 1.0},"[{'alpha_level': 1.0, 'a_values': [30.68, 34.76]}]"
2024-09-14 18:00,24.19,6.67,"{'rendah': [14.0, 14.0, 23.0, 25.0], 'normal': [23.0, 25.0, 29.0, 31.0], 'tinggi': [29.0, 31.0, 40.0, 40.0]}","{'asam': [4.0, 4.0, 5.0, 6.5], 'netral': [5.0, 6.5, 7.5, 9.0], 'basa': [7.5, 9.0, 14.0, 14.0]}","{'rendah': 0.405, 'normal': 0.595, 'tinggi': 0.0}","{'asam': 0.0, 'netral': 1.0, 'basa': 0.0}","{'sedikit': [24.54, 24.54, 28.63, 30.675], 'sedang': [28.63, 30.675, 34.765, 36.81], 'banyak': [34.765, 38.855, 40.9, 40.9]}","{'sedikit': 0.0, 'sedang': 0.6368, 'banyak': 0.1816}","{'Rule 2': 0.595, 'Rule 5': 0.405}","[{'alpha_level': 0.595, 'a_values': [37.2, 40.9]}, {'alpha_level': 0.405, 'a_values': [29.46, 35.98, 36.42, 40.9]}]"
2024-09-15 08:00,21.88,6.53,"{'rendah': [14.0, 14.0, 23.0, 25.0], 'normal': [23.0, 25.0, 29.0, 31.0], 'tinggi': [29.0, 31.0, 40.0, 40.0]}","{'asam': [4.0, 4.0, 5.0, 6.5], 'netral': [5.0, 6.5, 7.5, 9.0], 'basa': [7.5, 9.0, 14.0, 14.0]}","{'rendah': 1.0, 'normal': 0.0, 'tinggi': 0.0}","{'asam': 0.0, 'netral': 1.0, 'basa': 0.0}","{'sedikit': [24.54, 24.54, 28.63, 30.675], 'sedang': [28.63, 30.675, 34.765, 36.81], 'banyak': [34.765, 38.855, 40.9, 40.9]}","{'sedikit': 0.0, 'sedang': 1.0, 'banyak': 0.0}",{'Rule 5': 1.0},"[{'alpha_level': 1.0, 'a_values': [30.68, 34.76]}]"
2024-09-15 18:00,24.44,6.65,"{'rendah': [14.0, 14.0, 23.0, 25.0], 'normal': [23.0, 25.0, 29.0, 31.0], 'tinggi': [29.0, 31.0, 40.0, 40.0]}","{'asam': [4.0, 4.0, 5.0, 6.5], 'netral': [5.0, 6.5, 7.5, 9.0], 'basa': [7.5, 9.0, 14.0, 14.0]}","{'rendah': 0.28, 'normal': 0.72, 'tinggi': 0.0}","{'asam': 0.0, 'netral': 1.0, 'basa': 0.0}","{'sedikit': [24.54, 24.54, 28.63, 30.675], 'sedang': [28.63, 30.675, 34.765, 36.81], 'banyak': [34.765, 38.855, 40.9, 40.9]}","{'sedikit': 0.0, 'sedang': 0.2624, 'banyak': 0.3688}","{'Rule 2': 0.72, 'Rule 5': 0.28}","[{'alpha_level': 0.72, 'a_values': [37.71, 40.9]}, {'alpha_level': 0.28, 'a_values': [29.2, 40.9]}]"
2024-09-16 08:00,22.38,6.57,"{'rendah': [14.0, 14.0, 23.0, 25.0], 'normal': [23.0, 25.0, 29.0, 31.0], 'tinggi': [29.0, 31.0, 40.0, 40.0]}","{'asam': [4.0, 4.0, 5.0, 6.5], 'netral': [5.0, 6.5, 7.5, 9.0], 'basa': [7.5, 9.0, 14.0, 14.0]}","{'rendah': 1.0, 'normal': 0.0, 'tinggi': 0.0}","{'asam': 0.0, 'netral': 1.0, 'basa': 0.0}","{'sedikit': [24.54, 24.54, 28.63, 30.675], 'sedang': [28.63, 30.675, 34.765, 36.81], 'banyak': [34.765, 38.855, 40.9, 40.9]}","{'sedikit': 0.0, 'sedang': 1.0, 'banyak': 0.0}",{'Rule 5': 1.0},"[{'alpha_level': 1.0, 'a_values': [30.68, 34.76]}]"
2024-09-16 18:00,24.31,6.68,"{'rendah': [14.0, 14.0, 23.0, 25.0], 'normal': [23.0, 25.0, 29.0, 31.0], 'tinggi': [29.0, 31.0, 40.0, 40.0]}","{'asam': [4.0, 4.0, 5.0, 6.5], 'netral': [5.0, 6.5, 7.5, 9.0], 'basa': [7.5, 9.0, 14.0, 14.0]}","{'rendah': 0.345, 'normal': 0.655, 'tinggi': 0.0}","{'asam': 0.0, 'netral': 1.0, 'basa': 0.0}","{'sedikit': [24.54, 24.54, 28.63, 30.675], 'sedang': [28.63, 30.675, 34.765, 36.81], 'banyak': [34.765, 38.855, 40.9, 40.9]}","{'sedikit': 0.0, 'sedang': 0.4654, 'banyak': 0.2673}","{'Rule 2': 0.655, 'Rule 5': 0.345}","[{'alpha_level': 0.655, 'a_values': [37.44, 40.9]}, {'alpha_level': 0.345, 'a_values': [29.34, 36.1, 36.18, 40.9]}]"
2024-09-17 08:00,21.94,6.53,"{'rendah': [14.0, 14.0, 23.0, 25.0], 'normal': [23.0, 25.0, 29.0, 31.0], 'tinggi': [29.0, 31.0, 40.0, 40.0]}","{'asam': [4.0, 4.0, 5.0, 6.5], 'netral': [5.0, 6.5, 7.5, 9.0], 'basa': [7.5, 9.0, 14.0, 14.0]}","{'rendah': 1.0, 'normal': 0.0, 'tinggi': 0.0}","{'asam': 0.0, 'netral': 1.0, 'basa': 0.0}","{'sedikit': [24.54, 24.54, 28.63, 30.675], 'sedang': [28.63, 30.675, 34.765, 36.81], 'banyak': [34.765, 38.855, 40.9, 40.9]}","{'sedikit': 0.0, 'sedang': 1.0, 'banyak': 0.0}",{'Rule 5': 1.0},"[{'alpha_level': 1.0, 'a_values': [30.68, 34.76]}]"
2024-09-17 18:00,23.63,6.66,"{'rendah': [14.0, 14.0, 23.0, 25.0], 'normal': [23.0, 25.0, 29.0, 31.0], 'tinggi': [29.0, 31.0, 40.0, 40.0]}","{'asam': [4.0, 4.0, 5.0, 6.5], 'netral': [5.0, 6.5, 7.5, 9.0], 'basa': [7.5, 9.0, 14.0, 14.0]}","{'rendah': 0.685, 'normal': 0.315, 'tinggi': 0.0}","{'asam': 0.0, 'netral': 1.0, 'basa': 0.0}","{'sedikit': [24.54, 24.54, 28.63, 30.675], 'sedang': [28.63, 30.675, 34.765, 36.81], 'banyak': [34.765, 38.855, 40.9, 40.9]}","{'sedikit': 0.0, 'sedang': 1.0, 'banyak': 0.0}","{'Rule 2': 0.315, 'Rule 5': 0.685}","[{'alpha_level': 0.685, 'a_values': [30.03, 35.41]}, {'alpha_level': 0.315, 'a_values': [29.28, 40.9]}]"
2024-09-18 08:00,21.31,6.53,"{'rendah': [14.0, 14.0, 23.0, 25.0], 'normal': [23.0, 25.0, 29.0, 31.0], 'tinggi': [29.0, 31.0, 40.0, 40.0]}","{'asam': [4.0, 4.0, 5.0, 6.5], 'netral': [5.0, 6.5, 7.5, 9.0], 'basa': [7.5, 9.0, 14.0, 14.0]}","{'rendah': 1.0, 'normal': 0.0, 'tinggi': 0.0}","{'asam': 0.0, 'netral': 1.0, 'basa': 0.0}","{'sedikit': [24.54, 24.54, 28.63, 30.675], 'sedang': [28.63, 30.675, 34.765, 36.81], 'banyak': [34.765, 38.855, 40.9, 40.9]}","{'sedikit': 0.0, 'sedang': 1.0, 'banyak': 0.0}",{'Rule 5': 1.0},"[{'alpha_level': 1.0, 'a_values': [30.68, 34.76]}]"
2024-09-18 18:00,23.63,6.65,"{'rendah': [14.0, 14.0, 23.0, 25.0], 'normal': [23.0, 25.0, 29.0, 31.0], 'tinggi': [29.0, 31.0, 40.0, 40.0]}","{'asam': [4.0, 4.0, 5.0, 6.5], 'netral': [5.0, 6.5, 7.5, 9.0], 'basa': [7.5, 9.0, 14.0, 14.0]}","{'rendah': 0.685, 'normal': 0.315, 'tinggi': 0.0}","{'asam': 0.0, 'netral': 1.0, 'basa': 0.0}","{'sedikit': [24.54, 24.54, 28.63, 30.675], 'sedang': [28.63, 30.675, 34.765, 36.81], 'banyak': [34.765, 38.855, 40.9, 40.9]}","{'sedikit': 0.0, 'sedang': 1.0, 'banyak': 0.0}","{'Rule 2': 0.315, 'Rule 5': 0.685}","[{'alpha_level': 0.685, 'a_values': [30.03, 35.41]}, {'alpha_level': 0.315, 'a_values': [29.28, 40.9]}]"
2024-09-19 08:00,21.06,6.52,"{'rendah': [14.0, 14.0, 23.0, 25.0], 'normal': [23.0, 25.0, 29.0, 31.0], 'tinggi': [29.0, 31.0, 40.0, 40.0]}","{'asam': [4.0, 4.0, 5.0, 6.5], 'netral': [5.0, 6.5, 7.5, 9.0], 'basa': [7.5, 9.0, 14.0, 14.0]}","{'rendah': 1.0, 'normal': 0.0, 'tinggi': 0.0}","{'asam': 0.0, 'netral': 1.0, 'basa': 0.0}","{'sedikit': [24.54, 24.54, 28.63, 30.675], 'sedang': [28.63, 30.675, 34.765, 36.81], 'banyak': [34.765, 38.855, 40.9, 40.9]}","{'sedikit': 0.0, 'sedang': 1.0, 'banyak': 0.0}",{'Rule 5': 1.0},"[{'alpha_level': 1.0, 'a_values': [30.68, 34.76]}]"
2024-09-19 18:00,24.63,6.71,"{'rendah': [14.0, 14.0, 23.0, 25.0], 'normal': [23.0, 25.0, 29.0, 31.0], 'tinggi': [29.0, 31.0, 40.0, 40.0]}","{'asam': [4.0, 4.0, 5.0, 6.5], 'netral': [5.0, 6.5, 7.5, 9.0], 'basa': [7.5, 9.0, 14.0, 14.0]}","{'rendah': 0.185, 'normal': 0.815, 'tinggi': 0.0}","{'asam': 0.0, 'netral': 1.0, 'basa': 0.0}","{'sedikit': [24.54, 24.54, 28.63, 30.675], 'sedang': [28.63, 30.675, 34.765, 36.81], 'banyak': [34.765, 38.855, 40.9, 40.9]}","{'sedikit': 0.0, 'sedang': 0.0, 'banyak': 0.5373}","{'Rule 2': 0.815, 'Rule 5': 0.185}","[{'alpha_level': 0.815, 'a_values': [38.1, 40.9]}, {'alpha_level': 0.185, 'a_values': [29.01, 40.9]}]"
2024-09-20 08:00,22.0,6.56,"{'rendah': [14.0, 14.0, 23.0, 25.0], 'normal': [23.0, 25.0, 29.0, 31.0], 'tinggi': [29.0, 31.0, 40.0, 40.0]}","{'asam': [4.0, 4.0, 5.0, 6.5], 'netral': [5.0, 6.5, 7.5, 9.0], 'basa': [7.5, 9.0, 14.0, 14.0]}","{'rendah': 1.0, 'normal': 0.0, 'tinggi': 0.0}","{'asam': 0.0, 'netral': 1.0, 'basa': 0.0}","{'sedikit': [24.54, 24.54, 28.63, 30.675], 'sedang': [28.63, 30.675, 34.765, 36.81], 'banyak': [34.765, 38.855, 40.9, 40.9]}","{'sedikit': 0.0, 'sedang': 1.0, 'banyak': 0.0}",{'Rule 5': 1.0},"[{'alpha_level': 1.0, 'a_values': [30.68, 34.76]}]"
2024-09-20 18:00,25.19,6.73,"{'rendah': [14.0, 14.0, 23.0, 25.0], 'normal': [23.0, 25.0, 29.0, 31.0], 'tinggi': [29.0, 31.0, 40.0, 40.0]}","{'asam': [4.0, 4.0, 5.0, 6.5], 'netral': [5.0, 6.5, 7.5, 9.0], 'basa': [7.5, 9.0, 14.0, 14.0]}","{'rendah': 0.0, 'normal': 1.0, 'tinggi': 0.0}","{'asam': 0.0, 'netral': 1.0, 'basa': 0.0}","{'sedikit': [24.54, 24.54, 28.63, 30.675], 'sedang': [28.63, 30.675, 34.765, 36.81], 'banyak': [34.765, 38.855, 40.9, 40.9]}","{'sedikit': 0.0, 'sedang': 0.0, 'banyak': 0.9583}",{'Rule 2': 1.0},"[{'alpha_level': 1.0, 'a_values': [38.86, 40.9]}]"
2024-09-21 08:00,21.94,6.56,"{'rendah': [14.0, 14.0, 23.0, 25.0], 'normal': [23.0, 25.0, 29.0, 31.0], 'tinggi': [29.0, 31.0, 40.0, 40.0]}","{'asam': [4.0, 4.0, 5.0, 6.5], 'netral': [5.0, 6.5, 7.5, 9.0], 'basa': [7.5, 9.0, 14.0, 14.0]}","{'rendah': 1.0, 'normal': 0.0, 'tinggi': 0.0}","{'asam': 0.0, 'netral': 1.0, 'basa': 0.0}","{'sedikit': [25.53, 25.53, 29.785, 31.9125], 'sedang': [29.785, 31.9125, 36.1675, 38.295], 'banyak': [36.1675, 40.4225, 42.55, 42.55]}","{'sedikit': 0.0, 'sedang': 1.0, 'banyak': 0.0}",{'Rule 5': 1.0},"[{'alpha_level': 1.0, 'a_values': [31.91, 36.17]}]"
2024-09-21 18:00,25.06,6.68,"{'rendah': [14.0, 14.0, 23.0, 25.0], 'normal': [23.0, 25.0, 29.0, 31.0], 'tinggi': [29.0, 31.0, 40.0, 40.0]}","{'asam': [4.0, 4.0, 5.0, 6.5], 'netral': [5.0, 6.5, 7.5, 9.0], 'basa': [7.5, 9.0, 14.0, 14.0]}","{'rendah': 0.0, 'normal': 1.0, 'tinggi': 0.0}","{'asam': 0.0, 'netral': 1.0, 'basa': 0.0}","{'sedikit': [25.53, 25.53, 29.785, 31.9125], 'sedang': [29.785, 31.9125, 36.1675, 38.295], 'banyak': [36.1675, 40.4225, 42.55, 42.55]}","{'sedikit': 0.0, 'sedang': 0.0, 'banyak': 0.9583}",{'Rule 2': 1.0},"[{'alpha_level': 1.0, 'a_values': [40.42, 42.55]}]"
2024-09-22 08:00,22.81,6.6,"{'rendah': [14.0, 14.0, 23.0, 25.0], 'normal': [23.0, 25.0, 29.0, 31.0], 'tinggi': [29.0, 31.0, 40.0, 40.0]}","{'asam': [4.0, 4.0, 5.0, 6.5], 'netral': [5.0, 6.5, 7.5, 9.0], 'basa': [7.5, 9.0, 14.0, 14.0]}","{'rendah': 1.0, 'normal': 0.0, 'tinggi': 0.0}","{'asam': 0.0, 'netral': 1.0, 'basa': 0.0}","{'sedikit': [25.53, 25.53, 29.785, 31.9125], 'sedang': [29.785, 31.9125, 36.1675, 38.295], 'banyak': [36.1675, 40.4225, 42.55, 42.55]}","{'sedikit': 0.0, 'sedang': 1.0, 'banyak': 0.0}",{'Rule 5': 1.0},"[{'alpha_level': 1.0, 'a_values': [31.91, 36.17]}]"
2024-09-22 18:00,26.0,6.77,"{'rendah': [14.0, 14.0, 23.0, 25.0], 'normal': [23.0, 25.0, 29.0, 31.0], 'tinggi': [29.0, 31.0, 40.0, 40.0]}","{'asam': [4.0, 4.0, 5.0, 6.5], 'netral': [5.0, 6.5, 7.5, 9.0], 'basa': [7.5, 9.0, 14.0, 14.0]}","{'rendah': 0.0, 'normal': 1.0, 'tinggi': 0.0}","{'asam': 0.0, 'netral': 1.0, 'basa': 0.0}","{'sedikit': [25.53, 25.53, 29.785, 31.9125], 'sedang': [29.785, 31.9125, 36.1675, 38.295], 'banyak': [36.1675, 40.4225, 42.55, 42.55]}","{'sedikit': 0.0, 'sedang': 0.0, 'banyak': 0.9583}",{'Rule 2': 1.0},"[{'alpha_level': 1.0, 'a_values': [40.42, 42.55]}]"
2024-09-23 08:00,24.0,6.66,"{'rendah': [14.0, 14.0, 23.0, 25.0], 'normal': [23.0, 25.0, 29.0, 31.0], 'tinggi': [29.0, 31.0, 40.0, 40.0]}","{'asam': [4.0, 4.0, 5.0, 6.5], 'netral': [5.0, 6.5, 7.5, 9.0], 'basa': [7.5, 9.0, 14.0, 14.0]}","{'rendah': 0.5, 'normal': 0.5, 'tinggi': 0.0}","{'asam': 0.0, 'netral': 1.0, 'basa': 0.0}","{'sedikit': [25.53, 25.53, 29.785, 31.9125], 'sedang': [29.785, 31.9125, 36.1675, 38.295], 'banyak': [36.1675, 40.4225, 42.55, 42.55]}","{'sedikit': 0.0, 'sedang': 0.8857, 'banyak': 0.0571}","{'Rule 2': 0.5, 'Rule 5': 0.5}","[{'alpha_level': 0.5, 'a_values': [30.85, 37.23, 38.3, 42.55]}]"
2024-09-23 18:00,24.75,6.67,"{'rendah': [14.0, 14.0, 23.0, 25.0], 'normal': [23.0, 25.0, 29.0, 31.0], 'tinggi': [29.0, 31.0, 40.0, 40.0]}","{'asam': [4.0, 4.0, 5.0, 6.5], 'netral': [5.0, 6.5, 7.5, 9.0], 'basa': [7.5, 9.0, 14.0, 14.0]}","{'rendah': 0.125, 'normal': 0.875, 'tinggi': 0.0}","{'asam': 0.0, 'netral': 1.0, 'basa': 0.0}","{'sedikit': [25.53, 25.53, 29.785, 31.9125], 'sedang': [29.785, 31.9125, 36.1675, 38.295], 'banyak': [36.1675, 40.4225, 42.55, 42.55]}","{'sedikit': 0.0, 'sedang': 0.0, 'banyak': 0.6584}","{'Rule 2': 0.875, 'Rule 5': 0.125}","[{'alpha_level': 0.875, 'a_values': [39.89, 42.55]}, {'alpha_level': 0.125, 'a_values': [30.05, 42.55]}]"
2024-09-24 08:00,23.56,6.66,"{'rendah': [14.0, 14.0, 23.0, 25.0], 'normal': [23.0, 25.0, 29.0, 31.0], 'tinggi': [29.0, 31.0, 40.0, 40.0]}","{'asam': [4.0, 4.0, 5.0, 6.5], 'netral': [5.0, 6.5, 7.5, 9.0], 'basa': [7.5, 9.0, 14.0, 14.0]}","{'rendah': 0.72, 'normal': 0.28, 'tinggi': 0.0}","{'asam': 0.0, 'netral': 1.0, 'basa': 0.0}","{'sedikit': [25.53, 25.53, 29.785, 31.9125], 'sedang': [29.785, 31.9125, 36.1675, 38.295], 'banyak': [36.1675, 40.4225, 42.55, 42.55]}","{'sedikit': 0.0, 'sedang': 1.0, 'banyak': 0.0}","{'Rule 2': 0.28, 'Rule 5': 0.72}","[{'alpha_level': 0.72, 'a_values': [31.32, 36.76]}, {'alpha_level': 0.28, 'a_values': [30.38, 42.55]}]"
2024-09-24 18:00,24.88,6.68,"{'rendah': [14.0, 14.0, 23.0, 25.0], 'normal': [23.0, 25.0, 29.0, 31.0], 'tinggi': [29.0, 31.0, 40.0, 40.0]}","{'asam': [4.0, 4.0, 5.0, 6.5], 'netral': [5.0, 6.5, 7.5, 9.0], 'basa': [7.5, 9.0, 14.0, 14.0]}","{'rendah': 0.06, 'normal': 0.94, 'tinggi': 0.0}","{'asam': 0.0, 'netral': 1.0, 'basa': 0.0}","{'sedikit': [25.53, 25.53, 29.785, 31.9125], 'sedang': [29.785, 31.9125, 36.1675, 38.295], 'banyak': [36.1675, 40.4225, 42.55, 42.55]}","{'sedikit': 0.0, 'sedang': 0.0, 'banyak': 0.8053}","{'Rule 2': 0.94, 'Rule 5': 0.06}","[{'alpha_level': 0.94, 'a_values': [40.17, 42.55]}, {'alpha_level': 0.06, 'a_values': [29.91, 42.55]}]"
2024-09-25 08:00,23.5,6.63,"{'rendah': [14.0, 14.0, 23.0, 25.0], 'normal': [23.0, 25.0, 29.0, 31.0], 'tinggi': [29.0, 31.0, 40.0, 40.0]}","{'asam': [4.0, 4.0, 5.0, 6.5], 'netral': [5.0, 6.5, 7.5, 9.0], 'basa': [7.5, 9.0, 14.0, 14.0]}","{'rendah': 0.75, 'normal': 0.25, 'tinggi': 0.0}","{'asam': 0.0, 'netral': 1.0, 'basa': 0.0}","{'sedikit': [25.53, 25.53, 29.785, 31.9125], 'sedang': [29.785, 31.9125, 36.1675, 38.295], 'banyak': [36.1675, 40.4225, 42.55, 42.55]}","{'sedikit': 0.0, 'sedang': 1.0, 'banyak': 0.0}","{'Rule 2': 0.25, 'Rule 5': 0.75}","[{'alpha_level': 0.75, 'a_values': [31.38, 36.7]}, {'alpha_level': 0.25, 'a_values': [30.32, 42.55]}]"
2024-09-25 18:00,24.19,6.7,"{'rendah': [14.0, 14.0, 23.0, 25.0], 'normal': [23.0, 25.0, 29.0, 31.0], 'tinggi': [29.0, 31.0, 40.0, 40.0]}","{'asam': [4.0, 4.0, 5.0, 6.5], 'netral': [5.0, 6.5, 7.5, 9.0], 'basa': [7.5, 9.0, 14.0, 14.0]}","{'rendah': 0.405, 'normal': 0.595, 'tinggi': 0.0}","{'asam': 0.0, 'netral': 1.0, 'basa': 0.0}","{'sedikit': [25.53, 25.53, 29.785, 31.9125], 'sedang': [29.785, 31.9125, 36.1675, 38.295], 'banyak': [36.1675, 40.4225, 42.55, 42.55]}","{'sedikit': 0.0, 'sedang': 0.6368, 'banyak': 0.1816}","{'Rule 2': 0.595, 'Rule 5': 0.405}","[{'alpha_level': 0.595, 'a_values': [38.7, 42.55]}, {'alpha_level': 0.405, 'a_values': [30.65, 37.43, 37.89, 42.55]}]"
2024-09-26 08:00,23.63,6.65,"{'rendah': [14.0, 14.0, 23.0, 25.0], 'normal': [23.0, 25.0, 29.0, 31.0], 'tinggi': [29.0, 31.0, 40.0, 40.0]}","{'asam': [4.0, 4.0, 5.0, 6.5], 'netral': [5.0, 6.5, 7.5, 9.0], 'basa': [7.5, 9.0, 14.0, 14.0]}","{'rendah': 0.685, 'normal': 0.315, 'tinggi': 0.0}","{'asam': 0.0, 'netral': 1.0, 'basa': 0.0}","{'sedikit': [25.53, 25.53, 29.785, 31.9125], 'sedang': [29.785, 31.9125, 36.1675, 38.295], 'banyak': [36.1675, 40.4225, 42.55, 42.55]}","{'sedikit': 0.0, 'sedang': 1.0, 'banyak': 0.0}","{'Rule 2': 0.315, 'Rule 5': 0.685}","[{'alpha_level': 0.685, 'a_values': [31.24, 36.84]}, {'alpha_level': 0.315, 'a_values': [30.46, 42.55]}]"
2024-09-26 18:00,25.31,6.74,"{'rendah': [14.0, 14.0, 23.0, 25.0], 'normal': [23.0, 25.0, 29.0, 31.0], 'tinggi': [29.0, 31.0, 40.0, 40.0]}","{'asam': [4.0, 4.0, 5.0, 6.5], 'netral': [5.0, 6.5, 7.5, 9.0], 'basa': [7.5, 9.0, 14.0, 14.0]}","{'rendah': 0.0, 'normal': 1.0, 'tinggi': 0.0}","{'asam': 0.0, 'netral': 1.0, 'basa': 0.0}","{'sedikit': [25.53, 25.53, 29.785, 31.9125], 'sedang': [29.785, 31.9125, 36.1675, 38.295], 'banyak': [36.1675, 40.4225, 42.55, 42.55]}","{'sedikit': 0.0, 'sedang': 0.0, 'banyak': 0.9583}",{'Rule 2': 1.0},"[{'alpha_level': 1.0, 'a_values': [40.42, 42.55]}]"
